sample_id,file_path,filename,label,modality,generation_method,voice_index,source_text,sample_rate,duration_seconds,channels,transformation_applied,dataset_version,sha256,synthetic_data
SYNTH_AUD_CLEAN_001,datasets/synthetic/audio/bona_fide/SYNTH_AUD_CLEAN_001.wav,SYNTH_AUD_CLEAN_001.wav,synthetic_clean_demo,audio,pyttsx3_local_tts,0,Good morning. This is an automated update regarding your account security settings.,22050,5.94,1,none,v1.0-synthetic-demo,23bedb16e464902749b4b3d88221ddb10d4c338aae017bb11da30430d7136311,True
SYNTH_AUD_CLEAN_002,datasets/synthetic/audio/bona_fide/SYNTH_AUD_CLEAN_002.wav,SYNTH_AUD_CLEAN_002.wav,synthetic_clean_demo,audio,pyttsx3_local_tts,1,Your package has arrived at the local distribution facility and will be delivered today.,22050,5.39,1,none,v1.0-synthetic-demo,79640a2ff85b0d49d401142037f0c6a00706a617244dc0736fb637654d682a6f,True
SYNTH_AUD_CLEAN_003,datasets/synthetic/audio/bona_fide/SYNTH_AUD_CLEAN_003.wav,SYNTH_AUD_CLEAN_003.wav,synthetic_clean_demo,audio,pyttsx3_local_tts,2,Please verify the appointment time with your healthcare coordinator before noon.,22050,4.31,1,none,v1.0-synthetic-demo,45dc348a1492b8598c7123cbb63bde7001db609b15b91b7fc72fd0224e969d46,True
SYNTH_AUD_CLEAN_004,datasets/synthetic/audio/bona_fide/SYNTH_AUD_CLEAN_004.wav,SYNTH_AUD_CLEAN_004.wav,synthetic_clean_demo,audio,pyttsx3_local_tts,0,Thank you for reaching out to customer support. Your inquiry ticket has been logged.,22050,6.08,1,none,v1.0-synthetic-demo,884f76f748031af98496b43b2cf51d8af8bc935bb43590e7e1810235c24e9490,True
SYNTH_AUD_CLEAN_005,datasets/synthetic/audio/bona_fide/SYNTH_AUD_CLEAN_005.wav,SYNTH_AUD_CLEAN_005.wav,synthetic_clean_demo,audio,pyttsx3_local_tts,1,The meeting has been rescheduled to tomorrow at ten o'clock in the conference room.,22050,5.07,1,none,v1.0-synthetic-demo,343841d6abec1cadb4139c76ea489eff8bec3e7f2abc28358085370b1168534d,True
SYNTH_AUD_CLEAN_006,datasets/synthetic/audio/bona_fide/SYNTH_AUD_CLEAN_006.wav,SYNTH_AUD_CLEAN_006.wav,synthetic_clean_demo,audio,pyttsx3_local_tts,2,We have noticed unusual activity on your card ending with four three two one.,22050,4.26,1,none,v1.0-synthetic-demo,93a78230bab3e8a170de6bdb2170e2d19628daa45a0eb865e4a0ad9551d07976,True
SYNTH_AUD_CLEAN_007,datasets/synthetic/audio/bona_fide/SYNTH_AUD_CLEAN_007.wav,SYNTH_AUD_CLEAN_007.wav,synthetic_clean_demo,audio,pyttsx3_local_tts,0,This is Officer Vikram from the central enforcement directorate regarding a formal notice.,22050,5.52,1,none,v1.0-synthetic-demo,c2fdfc76a8872ff9481458db8ddd8f198498aa920998ed73b0b170f2bccdf8f5,True
SYNTH_AUD_CLEAN_008,datasets/synthetic/audio/bona_fide/SYNTH_AUD_CLEAN_008.wav,SYNTH_AUD_CLEAN_008.wav,synthetic_clean_demo,audio,pyttsx3_local_tts,1,Kindly update your residential address details in the citizen portal to proceed.,22050,5.63,1,none,v1.0-synthetic-demo,724b2d3bf976cc82dd7ee4a32a9f9385027bf6ebb3bdaf868effc6494e038e77,True
SYNTH_AUD_CLEAN_009,datasets/synthetic/audio/bona_fide/SYNTH_AUD_CLEAN_009.wav,SYNTH_AUD_CLEAN_009.wav,synthetic_clean_demo,audio,pyttsx3_local_tts,2,Urgent notification: Your outgoing services will be suspended unless verification is completed.,22050,5.64,1,none,v1.0-synthetic-demo,e85192fda6aee2d25d2bc878a58891da6ef2f03d45f10b09f9f7805d8760ef3a,True
SYNTH_AUD_CLEAN_010,datasets/synthetic/audio/bona_fide/SYNTH_AUD_CLEAN_010.wav,SYNTH_AUD_CLEAN_010.wav,synthetic_clean_demo,audio,pyttsx3_local_tts,0,Your online payment of four thousand two hundred rupees was received successfully.,22050,5.31,1,none,v1.0-synthetic-demo,3ce0c237d7489e3b155af21231b935f0332e33f49e29623004c8ecf2448f3579,True
SYNTH_AUD_CLEAN_011,datasets/synthetic/audio/bona_fide/SYNTH_AUD_CLEAN_011.wav,SYNTH_AUD_CLEAN_011.wav,synthetic_clean_demo,audio,pyttsx3_local_tts,1,Attention: An urgent court warrant has been issued in your name under section four twenty.,22050,5.92,1,none,v1.0-synthetic-demo,b74a3f2b6ddcf20115c9ef28814e75ce770f83973003ac53499f74495b5b3599,True
SYNTH_AUD_CLEAN_012,datasets/synthetic/audio/bona_fide/SYNTH_AUD_CLEAN_012.wav,SYNTH_AUD_CLEAN_012.wav,synthetic_clean_demo,audio,pyttsx3_local_tts,2,"Please do not share your one-time verification password with anyone, including bank staff.",22050,5.49,1,none,v1.0-synthetic-demo,9213097165d4fecdd92ef7e603a1918270a3dc6c353ca0e33471fc5aa0c6cb44,True
SYNTH_AUD_CLEAN_013,datasets/synthetic/audio/bona_fide/SYNTH_AUD_CLEAN_013.wav,SYNTH_AUD_CLEAN_013.wav,synthetic_clean_demo,audio,pyttsx3_local_tts,0,A parcel shipped from Mumbai containing suspicious documentation has been intercepted.,22050,5.52,1,none,v1.0-synthetic-demo,80b8b8046d8602ec22094f1dce148e0cd768077e1c3ac84101fa11c36553afb7,True
SYNTH_AUD_CLEAN_014,datasets/synthetic/audio/bona_fide/SYNTH_AUD_CLEAN_014.wav,SYNTH_AUD_CLEAN_014.wav,synthetic_clean_demo,audio,pyttsx3_local_tts,1,"Congratulations, you have been selected for the international digital commerce prize.",22050,5.79,1,none,v1.0-synthetic-demo,4d717328b8ef8aede6581d36e63f2c4621a3071f8a1e78d293a8be7e7f8fb234,True
SYNTH_AUD_CLEAN_015,datasets/synthetic/audio/bona_fide/SYNTH_AUD_CLEAN_015.wav,SYNTH_AUD_CLEAN_015.wav,synthetic_clean_demo,audio,pyttsx3_local_tts,2,This call is being recorded for official quality and investigative compliance records.,22050,4.65,1,none,v1.0-synthetic-demo,b87f0ff3f48e6ff3fd4fe12b86b02219509fcbbc732adfefcb2482401aa83841,True
SYNTH_AUD_TRANS_016,datasets/synthetic/audio/synthetic_or_transformed/SYNTH_AUD_TRANS_016.wav,SYNTH_AUD_TRANS_016.wav,synthetic_transformed_demo,audio,pyttsx3_tts_with_scipy_signal_transforms,1,Good morning. This is an automated update regarding your account security settings.,22050,5.83,1,speed_up,v1.0-synthetic-demo,57de0cb22dcff30c74d16879a04cb5afd54ed9352231def685f0c06b5cf8b09f,True
SYNTH_AUD_TRANS_017,datasets/synthetic/audio/synthetic_or_transformed/SYNTH_AUD_TRANS_017.wav,SYNTH_AUD_TRANS_017.wav,synthetic_transformed_demo,audio,pyttsx3_tts_with_scipy_signal_transforms,2,Your package has arrived at the local distribution facility and will be delivered today.,22050,6.07,1,slow_down,v1.0-synthetic-demo,1dc1b098dbb655f6e027f380a10716e208ae233c972838b93a1d31a4ddc06ccd,True
SYNTH_AUD_TRANS_018,datasets/synthetic/audio/synthetic_or_transformed/SYNTH_AUD_TRANS_018.wav,SYNTH_AUD_TRANS_018.wav,synthetic_transformed_demo,audio,pyttsx3_tts_with_scipy_signal_transforms,0,Please verify the appointment time with your healthcare coordinator before noon.,22050,5.07,1,noise_injection,v1.0-synthetic-demo,369aa81d1e526f3997bdd95b568e516db9517f1f86f05817990b56070c0eef7d,True
SYNTH_AUD_TRANS_019,datasets/synthetic/audio/synthetic_or_transformed/SYNTH_AUD_TRANS_019.wav,SYNTH_AUD_TRANS_019.wav,synthetic_transformed_demo,audio,pyttsx3_tts_with_scipy_signal_transforms,1,Thank you for reaching out to customer support. Your inquiry ticket has been logged.,22050,6.97,1,high_pass_telephony,v1.0-synthetic-demo,558f2e69af6671f3613e2e07de4913b16d35ba8df4e6ca6145087a7d09bf2c78,True
SYNTH_AUD_TRANS_020,datasets/synthetic/audio/synthetic_or_transformed/SYNTH_AUD_TRANS_020.wav,SYNTH_AUD_TRANS_020.wav,synthetic_transformed_demo,audio,pyttsx3_tts_with_scipy_signal_transforms,2,The meeting has been rescheduled to tomorrow at ten o'clock in the conference room.,22050,4.63,1,pitch_modulation,v1.0-synthetic-demo,be124179be64383aa01709b5294dee4d7fe008bdee4057c8f6cf1815498252e9,True
SYNTH_AUD_TRANS_021,datasets/synthetic/audio/synthetic_or_transformed/SYNTH_AUD_TRANS_021.wav,SYNTH_AUD_TRANS_021.wav,synthetic_transformed_demo,audio,pyttsx3_tts_with_scipy_signal_transforms,0,We have noticed unusual activity on your card ending with four three two one.,22050,5.07,1,quantization_artifact,v1.0-synthetic-demo,6259074df0caec52e1dcc99fd0ec0952de40185f80fafaf37326b672045618eb,True
